INDEX,UTM_X,UTM_Y,LON,LAT
0,250205.4987963854800,3688246.1940414658800,126.3171344279833,33.30439972
1,250205.6138305174820,3688246.0334769557200,126.3171357064899,33.3043983
2,250205.7382710126110,3688245.8872116231400,126.3171370821187,33.30439701
3,250205.8531911515160,3688245.7320763524600,126.3171383580247,33.30439564
4,250205.9633884400820,3688245.5733540086100,126.3171395843034,33.30439424
5,250206.0866833766920,3688245.4213749254100,126.3171409491313,33.3043929
6,250206.1975851020830,3688245.2603611471100,126.3171421836707,33.30439147
7,250206.3134537118600,3688245.1018245765000,126.3171434706375,33.30439007
8,250206.4281707126060,3688244.9407720435400,126.3171447460316,33.30438865
9,250206.5424688032940,3688244.7775269448800,126.3171460175625,33.3043872
10,250206.6512176899120,3688244.6158588160800,126.3171472290589,33.30438577
11,250206.7640074547380,3688244.4571334528800,126.3171484832249,33.30438437
12,250206.8858614976340,3688244.3024037974000,126.3171498333330,33.304383
13,250207.0038062613160,3688244.1431055888600,126.3171511428573,33.30438159
14,250207.1202155670030,3688243.9870137032100,126.3171524350499,33.30438021
15,250207.2432708173580,3688243.8346239728900,126.3171537974497,33.30437887
16,250207.3537291059320,3688243.6771719367300,126.3171550261851,33.30437748
17,250207.4645277042290,3688243.5158884185400,126.3171562595727,33.30437605
18,250207.5868516143520,3688243.3630021866400,126.3171576142421,33.3043747
19,250207.6972363498640,3688243.1984319179300,126.3171588441852,33.30437324
20,250207.8163849605180,3688243.0391005063400,126.3171601666670,33.30437183
21,250207.9295165717480,3688242.8938936502700,126.3171614206708,33.30437055
22,250208.0440113437360,3688242.7360363970500,126.3171626927794,33.30436916
23,250208.1650436306660,3688242.5835391748700,126.3171640335279,33.30436781
24,250208.2765575867370,3688242.4222586443700,126.3171652746712,33.30436638
25,250208.3984207876200,3688242.2704284801200,126.3171666241521,33.30436504
26,250208.5229786596020,3688242.1140972888100,126.3171680038231,33.30436366
27,250208.6376963252840,3688241.9701164416100,126.3171692744990,33.30436239
28,250208.7601233092420,3688241.8164597218900,126.3171706305679,33.30436104
29,250208.8694216841830,3688241.6500360206700,126.3171718491915,33.30435956
30,250208.9956018415970,3688241.5006699995200,126.3171732444362,33.30435825
31,250209.1183291559860,3688241.3489360953700,126.3171746031748,33.30435691
32,250209.2288821317190,3688241.1899606087300,126.3171758333330,33.3043555
33,250209.3475473590950,3688241.0410252567400,126.3171771477339,33.30435419
34,250209.4709308652960,3688240.8861680547700,126.3171785143973,33.30435282
35,250209.5963471712890,3688240.7316464367300,126.3171799026065,33.30435146
36,250209.6996331096160,3688240.5630721184400,126.3171810579309,33.30434996
37,250209.8302788749860,3688240.4160719565100,126.3171825000000,33.30434867
38,250209.9524916386290,3688240.2611859557200,126.3171838540607,33.3043473
39,250210.0776955492620,3688240.1220617666900,126.3171852360086,33.30434608
40,250210.2116117595870,3688239.9756308887200,126.3171867133140,33.30434479
41,250210.3374213495110,3688239.8216573847500,126.3171881057952,33.30434343
42,250210.4726324025250,3688239.6816488290200,126.3171895952378,33.3043422
43,250210.6109419309650,3688239.5376450568500,126.3171911190473,33.30434093
44,250210.7399264591220,3688239.3881585784300,126.3171925443168,33.30433962
45,250210.8734663904170,3688239.2401014892400,126.3171940181357,33.30433831
46,250211.0095801535350,3688239.0974240740800,126.3171955179786,33.30433706
47,250211.1549249155790,3688238.9624198135000,126.3171971147938,33.30433588
48,250211.2793920343390,3688238.8111579562600,126.3171984921509,33.30433454
49,250211.4167688158340,3688238.6679030535800,126.3172000056977,33.30433328
50,250211.5410483752780,3688238.5175121184500,126.3172013807859,33.30433196
51,250211.6778276208200,3688238.3747222232600,126.3172028878228,33.3043307
52,250211.8035403173700,3688238.2260741698600,126.3172042777922,33.30432939
53,250211.9269242922600,3688238.0745493359900,126.3172056435546,33.30432806
54,250212.0657199737030,3688237.9308319431700,126.3172071723647,33.30432679
55,250212.1812712282400,3688237.7716549858500,126.3172084563075,33.30432539
56,250212.2921853011060,3688237.6120982859300,126.3172096904761,33.30432397
57,250212.4051679633550,3688237.4525523427900,126.3172109468200,33.30432256
58,250212.5208256820620,3688237.2925303294300,126.3172122320211,33.30432115
59,250212.6332759434880,3688237.1299584815300,126.3172134834614,33.30431971
60,250212.7499566928300,3688236.9768912978500,126.3172147777630,33.30431836
61,250212.8572329593290,3688236.8147632624000,126.3172159735399,33.30431692
62,250212.9758691065940,3688236.6593366121000,126.3172172894441,33.30431555
63,250213.0840021776670,3688236.4965978567500,126.3172184946553,33.30431411
64,250213.1903174353350,3688236.3340168567400,126.3172196802722,33.30431267
65,250213.3014855354260,3688236.1727016279500,126.3172209177198,33.30431124
66,250213.4234690217410,3688236.0225880197300,126.3172222679789,33.30430991
67,250213.5445846258370,3688235.8669755873300,126.3172236105667,33.30430854
68,250213.6644895641070,3688235.7133784750500,126.3172249393935,33.30430718
69,250213.7804578568320,3688235.5532339722900,126.3172262281138,33.30430577
70,250213.9108147605140,3688235.4065446690700,126.3172276672673,33.30430448
71,250214.0269144960910,3688235.2444457481600,126.3172289577864,33.30430304
72,250214.1530037021730,3688235.1001968327900,126.3172303507294,33.30430177
73,250214.2698731945710,3688234.9489718251900,126.3172316463432,33.30430044
74,250214.3962526968970,3688234.7998513071800,126.3172330435733,33.30429912
75,250214.5270638500800,3688234.6532901278700,126.3172344875385,33.30429783
76,250214.6439229777310,3688234.4917555605100,126.3172357861462,33.3042964
77,250214.7731573361670,3688234.3431775402300,126.3172372138538,33.3042951
78,250214.8954764244840,3688234.1923867887800,126.3172385679711,33.30429377
79,250215.0115915455970,3688234.0466523468500,126.3172398541234,33.30429248
80,250215.1337361097100,3688233.8937015556700,126.3172412069586,33.30429113
81,250215.2474088365270,3688233.7399241696100,126.3172424691390,33.30428977
82,250215.3723358636780,3688233.5900237923500,126.3172438508264,33.30428845
83,250215.4851126524730,3688233.4356934945100,126.3172451038405,33.30428708
84,250215.5947694156200,3688233.2706669722700,126.3172463258646,33.30428562
85,250215.7099377361590,3688233.1131978812600,126.3172476051006,33.30428423
86,250215.8246118637030,3688232.9588857772800,126.3172488781251,33.30428287
87,250215.9436079831210,3688232.8014760608800,126.3172501984270,33.30428148
88,250216.0569130569340,3688232.6386753562900,126.3172514591719,33.30428004
89,250216.1689323965110,3688232.4851814261700,126.3172527035478,33.30427868
90,250216.2772480934210,3688232.3255062378000,126.3172539097980,33.30427727
91,250216.3924296883050,3688232.1674528294300,126.3172551893458,33.30427587
92,250216.5119675491580,3688232.0111983786400,126.3172565151315,33.30427449
93,250216.6274856871750,3688231.8537052050200,126.3172577980388,33.3042731
94,250216.7528314400690,3688231.7067157505100,126.3172591836732,33.3042718
95,250216.8738299294200,3688231.5589245176000,126.3172605228001,33.3042705
96,250216.9949264976890,3688231.4191022748100,126.3172618607681,33.30426926
97,250217.1284646968120,3688231.2753001935800,126.3172633333330,33.304268
98,250217.2532848918630,3688231.1246366421700,126.3172647142854,33.30426667
99,250217.3916155532930,3688230.9813714129900,126.3172662380949,33.30426541
100.0000000000000,250217.5262299261810,3688230.8338812473200,126.3172677232363,33.30426412
101.0000000000000,250217.6508090263810,3688230.6867826278300,126.3172691005906,33.30426282
102.0000000000000,250217.7845158100820,3688230.5493967230400,126.3172705731923,33.30426161
103.0000000000000,250217.9258977380810,3688230.4160394826900,126.3172721270307,33.30426044
104.0000000000000,250218.0567748199100,3688230.2771470947200,126.3172735696892,33.30425922
105.0000000000000,250218.1959618373940,3688230.1344346208500,126.3172751025832,33.30425797
106.0000000000000,250218.3377068295370,3688229.9986622869100,126.3172766609687,33.30425678
107.0000000000000,250218.4800447999440,3688229.8665895015000,126.3172782247421,33.30425562
108.0000000000000,250218.6087618433520,3688229.7309147105600,126.3172796433248,33.30425443
109.0000000000000,250218.7494166065000,3688229.5952477394600,126.3172811900082,33.30425324
110.0000000000000,250218.8914068656740,3688229.4660945558000,126.3172827492235,33.30425211
111.0000000000000,250219.0401356881770,3688229.3328364528700,126.3172843818763,33.30425094
112.0000000000000,250219.1889760504120,3688229.1997866057800,126.3172860156634,33.30424978
113.0000000000000,250219.3196971396390,3688229.0730574075200,126.3172874533050,33.30424867
114.0000000000000,250219.4593019079180,3688228.9337497241800,126.3172889897118,33.30424744
115.0000000000000,250219.6002792681100,3688228.7945977174700,126.3172905408160,33.30424622
116.0000000000000,250219.7483509531590,3688228.6604659296600,126.3172921666667,33.30424505
117.0000000000000,250219.8961752702300,3688228.5275965863900,126.3172937895033,33.30424388
118.0000000000000,250220.0473216206300,3688228.3982491688800,126.3172954470218,33.30424275
119.0000000000000,250220.1852835542520,3688228.2706371247800,126.3172969625850,33.30424164
120.0000000000000,250220.3249773921270,3688228.1330174771200,126.3172984994958,33.30424043
121.0000000000000,250220.4704586896400,3688228.0027113626700,126.3173000964864,33.30423929
122.0000000000000,250220.6212566273750,3688227.8741788161000,126.3173017500384,33.30423817
123.0000000000000,250220.7698958273970,3688227.7462830669300,126.3173033802472,33.30423705
124.0000000000000,250220.9193507721640,3688227.6140539264300,126.3173050204080,33.30423589
125.0000000000000,250221.0677719225350,3688227.4814278157400,126.3173066495851,33.30423473
126.0000000000000,250221.2204304284240,3688227.3623045818000,126.3173083205130,33.30423369
127.0000000000000,250221.3669918278460,3688227.2290457114600,126.3173099298250,33.30423253
128.0000000000000,250221.5224274034550,3688227.1070008920500,126.3173116313303,33.30423146
129.0000000000000,250221.6643962984960,3688226.9695343691900,126.3173131926895,33.30423026
130.0000000000000,250221.8067040891030,3688226.8463983847800,126.3173147536443,33.30422918
131.0000000000000,250221.9487432502210,3688226.7094965837900,126.3173163155414,33.30422798
132.0000000000000,250222.0977254422900,3688226.5823227041400,126.3173179492246,33.30422687
133.0000000000000,250222.2376269759260,3688226.4553420785800,126.3173194854231,33.30422576
134.0000000000000,250222.3765104436310,3688226.3245486416900,126.3173210117521,33.30422461
135.0000000000000,250222.5246177978110,3688226.1924687228200,126.3173226374585,33.30422345
136.0000000000000,250222.6641151446090,3688226.0626428653500,126.3173241700519,33.30422232
137.0000000000000,250222.8090560808770,3688225.9292808789800,126.3173257620528,33.30422115
138.0000000000000,250222.9617466205090,3688225.8083009673300,126.3173274339368,33.30422009
139.0000000000000,250223.0990788953200,3688225.6705013220200,126.3173289455102,33.30421888
140.0000000000000,250223.2494586968090,3688225.5418488648700,126.3173305946068,33.30421776
141.0000000000000,250223.3928802751180,3688225.4106112648800,126.3173321698066,33.30421661
142.0000000000000,250223.5467423162770,3688225.2902272641700,126.3173338539097,33.30421556
143.0000000000000,250223.6993237769050,3688225.1759622669800,126.3173355226755,33.30421457
144.0000000000000,250223.8527982419470,3688225.0505072726000,126.3173372040819,33.30421347
145.0000000000000,250223.9935552092210,3688224.9243919923900,126.3173387492228,33.30421237
146.0000000000000,250224.1343504306860,3688224.7982424423100,126.3173402947848,33.30421127
147.0000000000000,250224.2902372803070,3688224.6803326522900,126.3173419999997,33.30421024
148.0000000000000,250224.4424599539780,3688224.5596408816100,126.3173436666669,33.30420919
149.0000000000000,250224.6002628286360,3688224.4383263550700,126.3173453933971,33.30420813
150.0000000000000,250224.7526150357440,3688224.3172508198800,126.3173470615642,33.30420708
151.0000000000000,250224.9008631422180,3688224.1861672587700,126.3173486884110,33.30420593
152.0000000000000,250225.0540192395270,3688224.0788613795300,126.3173503615156,33.304205
153.0000000000000,250225.2015796048800,3688223.9577285153800,126.3173519780964,33.30420394
154.0000000000000,250225.3585144422250,3688223.8355114436700,126.3173536958823,33.30420288
155.0000000000000,250225.5129954516590,3688223.7105025379000,126.3173553879480,33.30420178
156.0000000000000,250225.6599418914120,3688223.5826394786100,126.3173570000000,33.30420067
157.0000000000000,250225.8184973351890,3688223.4633926535000,126.3173587342299,33.30419963
158.0000000000000,250225.9594553319030,3688223.3393524400900,126.3173602809526,33.30419854
159.0000000000000,250226.1065051869950,3688223.2082208073700,126.3173618949814,33.3041974
160.0000000000000,250226.2633836302260,3688223.0900482721600,126.3173636109177,33.30419637
161.0000000000000,250226.4122005749370,3688222.9630151488800,126.3173652428401,33.30419526
162.0000000000000,250226.5714677857460,3688222.8427290092200,126.3173669849668,33.30419421
163.0000000000000,250226.7211551957580,3688222.7179692960400,126.3173686255409,33.30419312
164.0000000000000,250226.8671761130090,3688222.5905325105400,126.3173702275378,33.30419201
165.0000000000000,250227.0188057555640,3688222.4643910708900,126.3173718893454,33.30419091
166.0000000000000,250227.1674630003390,3688222.3456565081200,126.3173735172447,33.30418987
167.0000000000000,250227.3078093777290,3688222.2102174777600,126.3173750605525,33.30418868
168.0000000000000,250227.4538632747710,3688222.0903404848700,126.3173766607818,33.30418764
169.0000000000000,250227.6078523029570,3688221.9705031663200,126.3173783461540,33.30418659
170.0000000000000,250227.7469971434330,3688221.8349219737600,126.3173798766086,33.3041854
171.0000000000000,250227.8886476017940,3688221.7029905505500,126.3173814329808,33.30418425
172.0000000000000,250228.0328490521350,3688221.5658709858600,126.3173830179786,33.30418305
173.0000000000000,250228.1884758550150,3688221.4418572075700,126.3173847222225,33.30418196
174.0000000000000,250228.3352322832210,3688221.3099153959200,126.3173863333331,33.30418081
175.0000000000000,250228.4819989633390,3688221.1784157170900,126.3173879444448,33.30417966
176.0000000000000,250228.6323790377060,3688221.0470533408200,126.3173895943140,33.30417851
177.0000000000000,250228.7781351369340,3688220.9346122704500,126.3173911893424,33.30417753
178.0000000000000,250228.9235852238480,3688220.8018233785400,126.3173927866378,33.30417637
179.0000000000000,250229.0690722812140,3688220.6655932134000,126.3173943852716,33.30417517
180.0000000000000,250229.2220626811610,3688220.5389539701900,126.3173960618159,33.30417407
181.0000000000000,250229.3679495204700,3688220.4064255012200,126.3173976639083,33.30417291
182.0000000000000,250229.5191598248780,3688220.2808785922800,126.3173993209737,33.30417181
183.0000000000000,250229.6597164978730,3688220.1529641714900,126.3174008644490,33.30417069
184.0000000000000,250229.8174617188630,3688220.0313915754700,126.3174025906524,33.30416963
185.0000000000000,250229.9706845058240,3688219.9200779418500,126.3174042654596,33.30416867
186.0000000000000,250230.1211532821760,3688219.7932484587700,126.3174059149916,33.30416756
187.0000000000000,250230.2703128734130,3688219.6709810728200,126.3174075492303,33.30416649
188.0000000000000,250230.4239231678650,3688219.5524238264200,126.3174092301988,33.30416546
189.0000000000000,250230.5734801271750,3688219.4263243516900,126.3174108697395,33.30416436
190.0000000000000,250230.7307389482150,3688219.3080891412700,126.3174125898208,33.30416333
191.0000000000000,250230.8728886884920,3688219.1829320006100,126.3174141496059,33.30416223
192.0000000000000,250231.0216914266930,3688219.0586927821900,126.3174157805562,33.30416115
193.0000000000000,250231.1679460313460,3688218.9314068555800,126.3174173850130,33.30416004
194.0000000000000,250231.3171414287060,3688218.7984253191400,126.3174190225903,33.30415887
195.0000000000000,250231.4606723908210,3688218.6713102730000,126.3174205977905,33.30415776
196.0000000000000,250231.6031018657370,3688218.5364128160300,126.3174221632654,33.30415658
197.0000000000000,250231.7560572482180,3688218.4158818582100,126.3174238377928,33.30415553
198.0000000000000,250231.8982602081960,3688218.2900451091100,126.3174253983476,33.30415443
199.0000000000000,250232.0377573209980,3688218.1654687202600,126.3174269295433,33.30415334
200.0000000000000,250232.1770082287250,3688218.0311563778700,126.3174284607857,33.30415216
201.0000000000000,250232.3163666508910,3688217.9039899809300,126.3174299912193,33.30415104
202.0000000000000,250232.4502638307450,3688217.7662605079800,126.3174314659546,33.30414983
203.0000000000000,250232.5913090366810,3688217.6370554510500,126.3174330150333,33.3041487
204.0000000000000,250232.7362434925450,3688217.5071975751800,126.3174346060302,33.30414757
205.0000000000000,250232.8765748140860,3688217.3721954776000,126.3174361490560,33.30414638
206.0000000000000,250233.0170813220020,3688217.2366837975600,126.3174376941017,33.30414519
207.0000000000000,250233.1534147755010,3688217.1064304173900,126.3174391929061,33.30414405
208.0000000000000,250233.3002070691140,3688216.9744311738800,126.3174408044311,33.3041429
209.0000000000000,250233.4582366270770,3688216.8540952662000,126.3174425334111,33.30414185
210.0000000000000,250233.6002960976030,3688216.7178665478700,126.3174440952378,33.30414066
211.0000000000000,250233.7437404475050,3688216.5991047951400,126.3174456671703,33.30413962
212.0000000000000,250233.8958158805900,3688216.4763490771900,126.3174473328297,33.30413855
213.0000000000000,250234.0377191166620,3688216.3364783036500,126.3174488940723,33.30413732
214.0000000000000,250234.1783232748560,3688216.2041866318300,126.3174504392617,33.30413616
215.0000000000000,250234.3274431698660,3688216.0783183518800,126.3174520740744,33.30413506
216.0000000000000,250234.4677256655700,3688215.9419845133100,126.3174536168884,33.30413387
217.0000000000000,250234.6305190902200,3688215.8304491210700,126.3174553945052,33.3041329
218.0000000000000,250234.7749842456540,3688215.7105092848700,126.3174569777339,33.30413185
219.0000000000000,250234.9254617462570,3688215.5850132084500,126.3174586269988,33.30413076
220.0000000000000,250235.0738503946920,3688215.4533511526000,126.3174602555638,33.3041296
221.0000000000000,250235.2112619675460,3688215.3180791861400,126.3174617674266,33.30412842
222.0000000000000,250235.3233335243130,3688215.1625340953500,126.3174630127956,33.30412704
223.0000000000000,250235.4524292403070,3688215.0146090295200,126.3174644388541,33.30412574
224.0000000000000,250235.5759660955810,3688214.8583451276700,126.3174658075182,33.30412436
225.0000000000000,250235.6986719695260,3688214.7043397529100,126.3174671666670,33.304123
226.0000000000000,250235.8172800888710,3688214.5506546720900,126.3174684820216,33.30412164
227.0000000000000,250235.9099492604140,3688214.3820423898300,126.3174695226338,33.30412015
228.0000000000000,250236.0122790816240,3688214.2153257425000,126.3174706666670,33.30411867
229.0000000000000,250236.0902976788930,3688214.0414576828500,126.3174715517946,33.30411712
230.0000000000000,250236.1711917171770,3688213.8599570035000,126.3174724698740,33.3041155
231.0000000000000,250236.2408628010010,3688213.6782867079600,126.3174732677359,33.30411388
232.0000000000000,250236.3023594504330,3688213.4906497844500,126.3174739793003,33.3041122
233.0000000000000,250236.3559486801090,3688213.2982942876400,126.3174746073861,33.30411048
234.0000000000000,250236.4088488536940,3688213.1096741249800,126.3174752270811,33.3041088
235.0000000000000,250236.4521687256920,3688212.9160128855200,126.3174757458698,33.30410706
236.0000000000000,250236.4767859426210,3688212.7204963569500,126.3174760634922,33.30410531
237.0000000000000,250236.4961761169250,3688212.5253232028400,126.3174763253965,33.30410355
238.0000000000000,250236.5071476572190,3688212.3275658870100,126.3174765000000,33.30410177
239.0000000000000,250236.5183703340000,3688212.1328929392600,126.3174766666670,33.30410002
240.0000000000000,250236.5127659689460,3688211.9339319951800,126.3174766666670,33.30409823
241.0000000000000,250236.5078079703380,3688211.7351159225200,126.3174766666670,33.30409644
242.0000000000000,250236.4715821778800,3688211.5451217289100,126.3174763333330,33.30409471
243.0000000000000,250236.4500597725270,3688211.3508955789700,126.3174761548732,33.30409296
244.0000000000000,250236.3933436146760,3688211.1621088720900,126.3174755984775,33.30409125
245.0000000000000,250236.3216376697520,3688210.9805810265300,126.3174748790053,33.30408959
246.0000000000000,250236.2392842971890,3688210.8049866785300,126.3174740437618,33.30408799
247.0000000000000,250236.1479033271020,3688210.6292077149300,126.3174731120508,33.30408639
248.0000000000000,250236.0537767224010,3688210.4597228346400,126.3174721481540,33.30408484
249.0000000000000,250235.9733166525830,3688210.2819625414000,126.3174713341074,33.30408322
250.0000000000000,250235.8699686973410,3688210.1126906261800,126.3174702718933,33.30408167
251.0000000000000,250235.7873298633200,3688209.9321628864900,126.3174694355357,33.30408002
252.0000000000000,250235.6803515983620,3688209.7658656449100,126.3174683333330,33.3040785
253.0000000000000,250235.5725924969590,3688209.6040260661400,126.3174672218362,33.30407702
254.0000000000000,250235.4958870021510,3688209.4219027981200,126.3174664493580,33.30407536
255.0000000000000,250235.4121001965540,3688209.2458968525800,126.3174655987085,33.30407375
256.0000000000000,250235.3385739034560,3688209.0639864518300,126.3174648592362,33.3040721
257.0000000000000,250235.2542541878060,3688208.8913015732600,126.3174640000000,33.30407052
258.0000000000000,250235.1568005868170,3688208.7279006308000,126.3174630012358,33.30406903
259.0000000000000,250235.1003254448290,3688208.5425249487200,126.3174624458661,33.30406734
260.0000000000000,250235.0654560685790,3688208.3478344958300,126.3174621269845,33.30406558
261.0000000000000,250235.0184694730260,3688208.1585165346100,126.3174616749634,33.30406386
262.0000000000000,250234.9971549574400,3688207.9635101207600,126.3174615000000,33.3040621
263.0000000000000,250234.9914585398800,3688207.7719290633700,126.3174614917035,33.30406037
264.0000000000000,250235.0022851165850,3688207.5734793362200,126.3174616666670,33.30405859
265.0000000000000,250235.0378834289440,3688207.3786802734300,126.3174621010692,33.30405684
266.0000000000000,250235.0899824822260,3688207.1957225520200,126.3174627088149,33.30405521
267.0000000000000,250235.1506812539590,3688207.0137456529800,126.3174634099018,33.30405358
268.0000000000000,250235.2451598022300,3688206.8420567680200,126.3174644708455,33.30405206
269.0000000000000,250235.3710771684120,3688206.6942131007100,126.3174658623858,33.30405075
270.0000000000000,250235.4815142562430,3688206.5376640209000,126.3174670901848,33.30404937
271.0000000000000,250235.6090836244110,3688206.4037017826900,126.3174684969685,33.30404819
272.0000000000000,250235.7566162367290,3688206.2764186142000,126.3174701150961,33.30404708
273.0000000000000,250235.8996552802560,3688206.1520752413200,126.3174716842284,33.30404599
274.0000000000000,250236.0457715688390,3688206.0231267302300,126.3174732874516,33.30404486
275.0000000000000,250236.1929471537290,3688205.8961708373400,126.3174749016843,33.30404375
276.0000000000000,250236.3484342372390,3688205.7761401957800,126.3174766031750,33.30404271
277.0000000000000,250236.5117830663220,3688205.6700249039600,126.3174783853259,33.30404179
278.0000000000000,250236.6681255637080,3688205.5530977752100,126.3174800952382,33.30404077
279.0000000000000,250236.8125492282850,3688205.4161520418700,126.3174816825395,33.30403957
280.0000000000000,250236.9609671671640,3688205.2881355448600,126.3174833103857,33.30403845
281.0000000000000,250237.1162753811220,3688205.1652674810000,126.3174850108517,33.30403738
282.0000000000000,250237.2566137495740,3688205.0316375317100,126.3174865534977,33.30403621
283.0000000000000,250237.4009771382840,3688204.8956972169700,126.3174881400423,33.30403502
284.0000000000000,250237.5413686683160,3688204.7629177207100,126.3174896831875,33.30403385
285.0000000000000,250237.6852863041270,3688204.6326438640300,126.3174912632845,33.30403271
286.0000000000000,250237.8342149404050,3688204.5062272585900,126.3174928962172,33.30403161
287.0000000000000,250237.9745965077600,3688204.3688616938900,126.3174944405028,33.3040304
288.0000000000000,250238.1149669227880,3688204.2297327313600,126.3174959850068,33.30402918
289.0000000000000,250238.2538097454520,3688204.0905697438900,126.3174975128769,33.30402796
290.0000000000000,250238.4108691547000,3688203.9757589055200,126.3174992301590,33.30402696
291.0000000000000,250238.5546207199510,3688203.8458268824000,126.3175008086622,33.30402583
292.0000000000000,250238.7093285779410,3688203.7316102348300,126.3175025000000,33.30402483
293.0000000000000,250238.8659378203730,3688203.6101182801700,126.3175042139368,33.30402377
294.0000000000000,250239.0125626380030,3688203.4790764246200,126.3175058234068,33.30402263
295.0000000000000,250239.1597917330800,3688203.3492739573100,126.3175074389823,33.30402149
296.0000000000000,250239.3018655577320,3688203.2169226836400,126.3175090000000,33.30402033
297.0000000000000,250239.4325134677630,3688203.0693330271200,126.3175104423855,33.30401903
298.0000000000000,250239.5690725880550,3688202.9354898356800,126.3175119446065,33.30401786
299.0000000000000,250239.6953581823030,3688202.8109294069000,126.3175133333330,33.30401677
300.0000000000000,250239.7445718022640,3688202.6248619766000,126.3175139136699,33.3040151
301.0000000000000,250239.8809098374330,3688202.4797216327900,126.3175154166940,33.30401383
302.0000000000000,250240.0228444829400,3688202.3438564846300,126.3175169771163,33.30401263
303.0000000000000,250240.1512693548570,3688202.1954385037600,126.3175183962781,33.30401133
304.0000000000000,250240.2988297062400,3688202.0648930515200,126.3175200154794,33.30401018
305.0000000000000,250240.4440246240990,3688201.9305196632600,126.3175216104055,33.30400901
306.0000000000000,250240.5912373923930,3688201.8094162079500,126.3175232235157,33.30400795
307.0000000000000,250240.7378437440200,3688201.6867756587500,126.3175248304900,33.30400688
308.0000000000000,250240.8903030166110,3688201.5614563664400,126.3175265008981,33.30400579
309.0000000000000,250241.0422495972590,3688201.4333449928100,126.3175281666670,33.30400467
310.0000000000000,250241.1935423456300,3688201.3052525282900,126.3175298253970,33.30400355
311.0000000000000,250241.3348495213140,3688201.1705507692000,126.3175313788087,33.30400237
312.0000000000000,250241.4882275498240,3688201.0524767474300,126.3175330570592,33.30400134
313.0000000000000,250241.6347868394800,3688200.9186576018100,126.3175346666670,33.30400017
314.0000000000000,250241.7952804433580,3688200.8026697770700,126.3175364207240,33.30399916
315.0000000000000,250241.9474592589830,3688200.6826922558300,126.3175380869083,33.30399811
316.0000000000000,250242.1027638612430,3688200.5685531562200,126.3175397849660,33.30399712
317.0000000000000,250242.2757938699790,3688200.4767150171100,126.3175416666670,33.30399633
318.0000000000000,250242.4354243690320,3688200.3658712748500,126.3175434101612,33.30399537
319.0000000000000,250242.5846324430310,3688200.2335820705600,126.3175450476190,33.30399421
320.0000000000000,250242.7261037216230,3688200.0968902632600,126.3175466033363,33.30399302
321.0000000000000,250242.8697912766360,3688199.9578990629000,126.3175481834412,33.3039918
322.0000000000000,250243.0087117363290,3688199.8182199415800,126.3175497126657,33.30399057
323.0000000000000,250243.1623131539960,3688199.6951838047300,126.3175513947528,33.3039895
324.0000000000000,250243.3126326680640,3688199.5704318494600,126.3175530422166,33.30398841
325.0000000000000,250243.4775916567590,3688199.4597970806100,126.3175548425926,33.30398745
326.0000000000000,250243.6204399227860,3688199.3270278372800,126.3175564120764,33.30398629
327.0000000000000,250243.7766631949630,3688199.2022904800300,126.3175581227782,33.3039852
328.0000000000000,250243.9194842091820,3688199.0635184710900,126.3175596935617,33.30398398
329.0000000000000,250244.0611062883100,3688198.9309683004400,126.3175612497571,33.30398282
330.0000000000000,250244.2150345802070,3688198.8124837735700,126.3175629341591,33.30398179
331.0000000000000,250244.3548008567590,3688198.6751844910900,126.3175644716836,33.30398058
332.0000000000000,250244.5111139904180,3688198.5573453689000,126.3175661814815,33.30397956
333.0000000000000,250244.6551729496560,3688198.4210269213700,126.3175677647783,33.30397836
334.0000000000000,250244.8173690504330,3688198.3076542601900,126.3175695363896,33.30397738
335.0000000000000,250244.9777852498220,3688198.1938472529900,126.3175712892040,33.30397639
336.0000000000000,250245.1335571394010,3688198.0686586191900,126.3175729951869,33.3039753
337.0000000000000,250245.2949428449500,3688197.9528770349000,126.3175747587239,33.30397429
338.0000000000000,250245.4436218648910,3688197.8228409593000,126.3175763899865,33.30397316
339.0000000000000,250245.5918453682970,3688197.6985289882900,126.3175780154317,33.30397207
340.0000000000000,250245.7155021184000,3688197.5613725232000,126.3175793794770,33.30397086
341.0000000000000,250245.8683509303370,3688197.4395237611600,126.3175810531800,33.3039698
342.0000000000000,250246.0267419229200,3688197.3199425111500,126.3175827857146,33.30396876
343.0000000000000,250246.1922498939380,3688197.2124829380800,126.3175845914606,33.30396783
344.0000000000000,250246.3339772571630,3688197.0764178680300,126.3175861496596,33.30396664
345.0000000000000,250246.4920664503290,3688196.9620061754300,126.3175878774574,33.30396564
346.0000000000000,250246.6370611919840,3688196.8339044982600,126.3175894685419,33.30396452
347.0000000000000,250246.7810738310800,3688196.7034590318800,126.3175910500683,33.30396338
348.0000000000000,250246.9327212089260,3688196.5757728624200,126.3175927123420,33.30396227
349.0000000000000,250247.0834832446120,3688196.4479060145100,126.3175943652847,33.30396115
350.0000000000000,250247.2353583040240,3688196.3299956996900,126.3175960275706,33.30396012
351.0000000000000,250247.3966198063860,3688196.2195384604900,126.3175977883600,33.30395916
352.0000000000000,250247.5404821143310,3688196.1026079505700,126.3175993642172,33.30395814
353.0000000000000,250247.6905548908390,3688195.9719044338000,126.3176010105816,33.303957
354.0000000000000,250247.8226667099800,3688195.8333617318400,126.3176024664901,33.30395578
355.0000000000000,250247.9786745414890,3688195.7136185416000,126.3176041732832,33.30395474
356.0000000000000,250248.1364762257720,3688195.6276615513500,126.3176058890064,33.303954
357.0000000000000,250248.2763549006480,3688195.5031641372500,126.3176074256558,33.30395291
358.0000000000000,250248.4193872615570,3688195.3702350780400,126.3176089969685,33.30395175
359.0000000000000,250248.5764728685020,3688195.2560926149600,126.3176107142857,33.30395076
360.0000000000000,250248.7325357895750,3688195.1352171418300,126.3176124219393,33.3039497
361.0000000000000,250248.8975300568850,3688195.0275811753300,126.3176142222224,33.30394877
362.0000000000000,250249.0604441963360,3688194.9192825863200,126.3176160000000,33.30394783
363.0000000000000,250249.2280271321940,3688194.8146712863800,126.3176178271387,33.30394693
364.0000000000000,250249.3807102945860,3688194.6890687150900,126.3176195000000,33.30394583
365.0000000000000,250249.5489430007000,3688194.5901979790100,126.3176213325220,33.30394498
366.0000000000000,250249.7174499935350,3688194.4954269118600,126.3176231666670,33.30394417
367.0000000000000,250249.8930111464870,3688194.4080498921700,126.3176250744902,33.30394342
368.0000000000000,250250.0757686804860,3688194.3365080240200,126.3176270553126,33.30394282
369.0000000000000,250250.2632112848800,3688194.2760625607400,126.3176290832343,33.30394232
370.0000000000000,250250.4574102409240,3688194.2360561098900,126.3176311778024,33.303942
371.0000000000000,250250.6506729415560,3688194.1938626826800,126.3176332635115,33.30394167
372.0000000000000,250250.8466418856690,3688194.1703407322100,126.3176353727156,33.3039415
373.0000000000000,250251.0459481907310,3688194.1681305305100,126.3176375114341,33.30394152
374.0000000000000,250251.2397468083650,3688194.1784790665900,126.3176395886118,33.30394167
375.0000000000000,250251.4375173947770,3688194.1923760743800,126.3176417065495,33.30394183
376.0000000000000,250251.6317075211550,3688194.2241837210000,126.3176437815570,33.30394217
377.0000000000000,250251.8244846572630,3688194.2501448933100,126.3176458431254,33.30394244
378.0000000000000,250252.0119188673560,3688194.2984658889500,126.3176478404567,33.30394292
379.0000000000000,250252.1965472208100,3688194.3667001868600,126.3176498030450,33.30394358
380.0000000000000,250252.3814055061950,3688194.4320508213700,126.3176517683838,33.30394421
381.0000000000000,250252.5550499678640,3688194.5265876832400,126.3176536056240,33.3039451
382.0000000000000,250252.7272154025260,3688194.6174522526600,126.3176554278536,33.30394596
383.0000000000000,250252.8842033856490,3688194.7338039772600,126.3176570801249,33.30394705
384.0000000000000,250253.0488978736390,3688194.8416475569800,126.3176588174605,33.30394806
385.0000000000000,250253.2100734265400,3688194.9521885826300,126.3176605167751,33.30394909
386.0000000000000,250253.3567777233830,3688195.0784406038000,126.3176620557178,33.30395026
387.0000000000000,250253.5063059075610,3688195.2064542980000,126.3176636248086,33.30395145
388.0000000000000,250253.6566589626600,3688195.3355949851700,126.3176652024119,33.30395265
389.0000000000000,250253.8039655677560,3688195.4651124156100,126.3176667473137,33.30395385
390.0000000000000,250253.9591662653250,3688195.5869843736300,126.3176683790086,33.30395498
391.0000000000000,250254.1088286024460,3688195.7072713729000,126.3176699516319,33.3039561
392.0000000000000,250254.2616213346190,3688195.8299947767500,126.3176715574347,33.30395724
393.0000000000000,250254.4283027751080,3688195.9322717832400,126.3176733176570,33.3039582
394.0000000000000,250254.5733695050870,3688196.0609934278800,126.3176748385504,33.3039594
395.0000000000000,250254.7312541090650,3688196.1792447050100,126.3176765000000,33.3039605
396.0000000000000,250254.8929075737830,3688196.2955817235600,126.3176782024119,33.30396159
397.0000000000000,250255.0536484945910,3688196.4095369819600,126.3176798957254,33.30396265
398.0000000000000,250255.2118745008480,3688196.5200570616900,126.3176815631593,33.30396368
399.0000000000000,250255.3702189500320,3688196.6355418711900,126.3176832301587,33.30396476
400.0000000000000,250255.5427997341320,3688196.7309754910000,126.3176850555553,33.30396566
401.0000000000000,250255.7095550275400,3688196.8385025435100,126.3176868152037,33.30396667
402.0000000000000,250255.8849154923810,3688196.9273153613300,126.3176886723643,33.30396751
403.0000000000000,250256.0665679341470,3688197.0002025221500,126.3176906012351,33.30396821
404.0000000000000,250256.2365769046300,3688197.0971292168800,126.3176923987649,33.30396912
405.0000000000000,250256.4143614473860,3688197.1876876540500,126.3176942813955,33.30396998
406.0000000000000,250256.5885166793010,3688197.2756949579400,126.3176961257752,33.30397081
407.0000000000000,250256.7655174325040,3688197.3662752998100,126.3176980000000,33.30397167
408.0000000000000,250256.9345866799120,3688197.4699307889700,126.3176997855176,33.30397264
409.0000000000000,250257.0958787518320,3688197.5853824312800,126.3177014843240,33.30397372
410.0000000000000,250257.2447107216280,3688197.7131516547000,126.3177030459996,33.3039749
411.0000000000000,250257.3900674690370,3688197.8450533407800,126.3177045692727,33.30397613
412.0000000000000,250257.5221566797990,3688197.9871062468800,126.3177059473985,33.30397744
413.0000000000000,250257.6608274813040,3688198.1264640316400,126.3177073968251,33.30397872
414.0000000000000,250257.8005209167310,3688198.2662618658500,126.3177088571430,33.30398002
415.0000000000000,250257.9460290562420,3688198.4023969778800,126.3177103809526,33.30398128
416.0000000000000,250258.0789397692420,3688198.5487685483000,126.3177117668037,33.30398263
417.0000000000000,250258.2254267154780,3688198.6773606315300,126.3177133030450,33.30398382
418.0000000000000,250258.3724176909890,3688198.8066574488800,126.3177148444692,33.30398502
419.0000000000000,250258.5188465176320,3688198.9382341560000,126.3177163793327,33.30398624
420.0000000000000,250258.6691829438490,3688199.0649191448500,126.3177179574850,33.30398741
421.0000000000000,250258.8177424721070,3688199.1941234855900,126.3177195158585,33.30398861
422.0000000000000,250258.9635407558230,3688199.3292456632500,126.3177210429546,33.30398986
423.0000000000000,250259.1250871551740,3688199.4390577464400,126.3177227460321,33.30399089
424.0000000000000,250259.2690078747980,3688199.5708997938800,126.3177242539679,33.30399211
425.0000000000000,250259.4288012282920,3688199.6844229102200,126.3177259372102,33.30399317
426.0000000000000,250259.5832969153990,3688199.8039392442500,126.3177275618871,33.30399428
427.0000000000000,250259.7466358706000,3688199.9168801116800,126.3177292833894,33.30399534
428.0000000000000,250259.9075521433840,3688200.0337119987200,126.3177309777804,33.30399643
429.0000000000000,250260.0603131707460,3688200.1601496324900,126.3177325820174,33.3039976
430.0000000000000,250260.2202617548460,3688200.2760230237600,126.3177342663222,33.30399868
431.0000000000000,250260.3664172777200,3688200.4050816223000,126.3177357989222,33.30399988
432.0000000000000,250260.5202707645650,3688200.5279615577300,126.3177374158055,33.30400102
433.0000000000000,250260.6670603597300,3688200.6616017324900,126.3177389540004,33.30400226
434.0000000000000,250260.8059576638040,3688200.8024193183500,126.3177404054794,33.30400356
435.0000000000000,250260.9444281692260,3688200.9417239204100,126.3177418528277,33.30400485
436.0000000000000,250261.0743571341440,3688201.0889081941000,126.3177432063490,33.30400621
437.0000000000000,250261.2053885026830,3688201.2370443311500,126.3177445714289,33.30400757
438.0000000000000,250261.3276631231420,3688201.3899074960500,126.3177458412697,33.30400898
439.0000000000000,250261.4479236794860,3688201.5444068042600,126.3177470889911,33.3040104
440.0000000000000,250261.5593579988920,3688201.7056027962800,126.3177482401928,33.30401188
441.0000000000000,250261.6700197531310,3688201.8716388805800,126.3177493817727,33.3040134
442.0000000000000,250261.7707934775970,3688202.0389463659400,126.3177504166941,33.30401493
443.0000000000000,250261.8847533377120,3688202.1999582024300,126.3177515952384,33.3040164
444.0000000000000,250261.9940975877980,3688202.3628304265500,126.3177527235157,33.3040179
445.0000000000000,250262.1206398371430,3688202.5121604241400,126.3177540401218,33.30401927
446.0000000000000,250262.2414634142180,3688202.6690826681500,126.3177552932112,33.30402071
447.0000000000000,250262.3515488090050,3688202.8353776410200,126.3177564285714,33.30402224
448.0000000000000,250262.4624980070510,3688203.0016481210500,126.3177575731778,33.30402376
449.0000000000000,250262.5623454788000,3688203.1692940397200,126.3177585979451,33.3040253
450.0000000000000,250262.6899111708040,3688203.3106139889000,126.3177599285717,33.3040266
451.0000000000000,250262.7787009723540,3688203.4823871078000,126.3177608333330,33.30402817
452.0000000000000,250262.8730148299070,3688203.6533316387800,126.3177617985419,33.30402973
453.0000000000000,250262.9441334516450,3688203.8331073587800,126.3177625114159,33.30403137
454.0000000000000,250263.0205403922590,3688204.0133255468700,126.3177632826908,33.30403301
455.0000000000000,250263.0737728696250,3688204.2034361236700,126.3177638007772,33.30403473
456.0000000000000,250263.1590186482640,3688204.3790019578300,126.3177646666670,33.30403633
457.0000000000000,250263.2147069053890,3688204.5603543222000,126.3177652137100,33.30403798
458.0000000000000,250263.2360379446470,3688204.7571192332600,126.3177653874669,33.30403976
459.0000000000000,250263.2598307705190,3688204.9530930155900,126.3177655882017,33.30404153
460.0000000000000,250263.2744135182870,3688205.1471087108400,126.3177656905124,33.30404328
461.0000000000000,250263.2766432338680,3688205.3455031653900,126.3177656637875,33.30404507
462.0000000000000,250263.2451286274000,3688205.5413167732800,126.3177652698412,33.30404683
463.0000000000000,250263.2121941854710,3688205.7359022530700,126.3177648629735,33.30404857
464.0000000000000,250263.1597706887980,3688205.9255821858600,126.3177642478131,33.30405027
465.0000000000000,250263.1148057705720,3688206.1166066741600,126.3177637125878,33.30405198
466.0000000000000,250263.0718400896580,3688206.3094322732700,126.3177631984130,33.30405371
467.0000000000000,250263.0253664067710,3688206.5001002117100,126.3177626469187,33.30405541
468.0000000000000,250262.9742910918430,3688206.6883012685000,126.3177620473252,33.3040571
469.0000000000000,250262.9283994178980,3688206.8767495490600,126.3177615000004,33.30405878
470.0000000000000,250262.8872305738040,3688207.0659342394200,126.3177610111758,33.30406048
471.0000000000000,250262.7966542695940,3688207.2400666941000,126.3177599884642,33.30406203
472.0000000000000,250262.7638767078750,3688207.4363726233200,126.3177595830906,33.30406379
473.0000000000000,250262.6815746286880,3688207.6134269870800,126.3177586509379,33.30406536
474.0000000000000,250262.6035732805610,3688207.7960301786700,126.3177577634774,33.30406699
475.0000000000000,250262.5307595353220,3688207.9803782068200,126.3177569314497,33.30406864
476.0000000000000,250262.4296057764440,3688208.1495940582800,126.3177557990960,33.30407014
477.0000000000000,250262.3395574311720,3688208.3231322667600,126.3177547848324,33.30407168
478.0000000000000,250262.2344226049020,3688208.4869663072800,126.3177536121754,33.30407313
479.0000000000000,250262.1216096217970,3688208.6500607575300,126.3177523563411,33.30407458
480.0000000000000,250262.0187661175730,3688208.8169861780500,126.3177512067888,33.30407606
481.0000000000000,250261.9007866127350,3688208.9740456040000,126.3177498976066,33.30407744
482.0000000000000,250261.7865716674710,3688209.1372372256600,126.3177486269842,33.30407889
483.0000000000000,250261.6542195482180,3688209.2826635120500,126.3177471666670,33.30408017
484.0000000000000,250261.5530248231660,3688209.4482414717800,126.3177460351511,33.30408164
485.0000000000000,250261.4394677402160,3688209.6044939463000,126.3177447738369,33.30408302
486.0000000000000,250261.2985240535050,3688209.7376980907300,126.3177432245977,33.30408418
487.0000000000000,250261.1601644672620,3688209.8733391994600,126.3177417024119,33.30408537
488.0000000000000,250261.0253622467570,3688210.0156557560000,126.3177402167354,33.30408663
489.0000000000000,250260.8942577942790,3688210.1619575391500,126.3177387696796,33.30408791
490.0000000000000,250260.7391099859960,3688210.2806811616800,126.3177370721464,33.30408895
491.0000000000000,250260.5994512668690,3688210.4170452086300,126.3177355358833,33.30409014
492.0000000000000,250260.4502073100590,3688210.5441517885800,126.3177338993197,33.30409125
493.0000000000000,250260.3040089387210,3688210.6703729946200,126.3177322958281,33.30409236
494.0000000000000,250260.1693034131020,3688210.8150183670200,126.3177308103857,33.30409363
495.0000000000000,250260.0188302044990,3688210.9435852337600,126.3177291604716,33.30409475
496.0000000000000,250259.8809356945850,3688211.0814016256500,126.3177276428573,33.30409596
497.0000000000000,250259.7318348866240,3688211.2095061689600,126.3177260075543,33.30409708
498.0000000000000,250259.5864385145250,3688211.3389180391100,126.3177244117586,33.30409821
499.0000000000000,250259.4312892686280,3688211.4591686120300,126.3177227139368,33.30409926
500.0000000000000,250259.2864039308910,3688211.5915568973900,126.3177211226919,33.30410042
501.0000000000000,250259.1377969956950,3688211.7222965243300,126.3177194920632,33.30410156
502.0000000000000,250258.9883674908770,3688211.8540850463300,126.3177178522821,33.30410272
503.0000000000000,250258.8537394859880,3688211.9974092836500,126.3177163682784,33.30410398
504.0000000000000,250258.6981893723420,3688212.1148942466800,126.3177146666670,33.304105
505.0000000000000,250258.5468966248730,3688212.2428621752200,126.3177130079368,33.30410612
506.0000000000000,250258.3971231530010,3688212.3725729934000,126.3177113650941,33.30410725
507.0000000000000,250258.2523170266940,3688212.5053595402300,126.3177097746712,33.30410841
508.0000000000000,250258.1025076665970,3688212.6327331657500,126.3177081320095,33.30410953
509.0000000000000,250257.9667313823880,3688212.7716775257200,126.3177066368142,33.30411075
510.0000000000000,250257.8156700806860,3688212.9001032416700,126.3177049805054,33.30411187
511.0000000000000,250257.6848372152590,3688213.0482417671000,126.3177035357451,33.30411317
512.0000000000000,250257.5409687515050,3688213.1799611868400,126.3177019556680,33.30411433
513.0000000000000,250257.3938741954910,3688213.3133061253500,126.3177003405841,33.3041155
514.0000000000000,250257.2554920574760,3688213.4487467319700,126.3176988183403,33.30411668
515.0000000000000,250257.1154606358030,3688213.5856109745800,126.3176972779399,33.30411788
516.0000000000000,250256.9748060324340,3688213.7256443714700,126.3176957301590,33.30411911
517.0000000000000,250256.8424474261700,3688213.8707521492600,126.3176942698410,33.30412039
518.0000000000000,250256.7076336420720,3688214.0158900944500,126.3176927832646,33.30412167
519.0000000000000,250256.5502329811270,3688214.1365451249300,126.3176910610423,33.30412272
520.0000000000000,250256.4071064975570,3688214.2705824868800,126.3176894888638,33.30412389
521.0000000000000,250256.2452401123010,3688214.3768706368300,126.3176877220601,33.30412481
522.0000000000000,250256.0929546793340,3688214.4951591589500,126.3176860553938,33.30412584
523.0000000000000,250255.9507422696330,3688214.6302106841500,126.3176844923875,33.30412703
524.0000000000000,250255.7843449134960,3688214.7361188074600,126.3176826775185,33.30412794
525.0000000000000,250255.6393662410260,3688214.8690153830700,126.3176810852423,33.30412911
526.0000000000000,250255.5052527896180,3688215.0154726263200,126.3176796057721,33.30413039
527.0000000000000,250255.3581934951070,3688215.1414266247300,126.3176779928553,33.30413149
528.0000000000000,250255.2091306968360,3688215.2735408553900,126.3176763571425,33.30413265
529.0000000000000,250255.0598011578550,3688215.4000158608000,126.3176747196844,33.30413376
530.0000000000000,250254.9132450286410,3688215.5269280271600,126.3176731122144,33.30413487
531.0000000000000,250254.7629796482500,3688215.6472199331100,126.3176714668439,33.30413591
532.0000000000000,250254.6059235132120,3688215.7638415251900,126.3176697494227,33.30413693
533.0000000000000,250254.4630672855120,3688215.8917189734100,126.3176681811465,33.30413805
534.0000000000000,250254.3488355702430,3688216.0485977693500,126.3176669122446,33.30413943
535.0000000000000,250254.2051426018880,3688216.1828639106800,126.3176653333333,33.30414061
536.0000000000000,250254.0565661124120,3688216.3115956597000,126.3176637035518,33.30414174
537.0000000000000,250253.9122534590420,3688216.4463506639000,126.3176621178933,33.30414292
538.0000000000000,250253.7622015383960,3688216.5721457069800,126.3176604731053,33.30414402
539.0000000000000,250253.6058551897580,3688216.6943778842700,126.3176587614106,33.30414508
540.0000000000000,250253.4708969439960,3688216.8294362719200,126.3176572765429,33.30414627
541.0000000000000,250253.3466613396010,3688216.9811699180900,126.3176559015226,33.3041476
542.0000000000000,250253.1901894966430,3688217.1008427143100,126.3176541895154,33.30414865
543.0000000000000,250253.0400074881610,3688217.2266971268700,126.3176525433002,33.30414975
544.0000000000000,250252.9064604529410,3688217.3611901477000,126.3176510748237,33.30415093
545.0000000000000,250252.8015156981120,3688217.5167460506800,126.3176499044093,33.3041523
546.0000000000000,250252.6794797815670,3688217.6678856466900,126.3176485530184,33.30415364
547.0000000000000,250252.5422742220100,3688217.7992437467900,126.3176470444950,33.30415479
548.0000000000000,250252.3947711034270,3688217.9251346541600,126.3176454270937,33.30415589
549.0000000000000,250252.2622767674620,3688218.0732936253800,126.3176439644803,33.30415719
550.0000000000000,250252.0976095284850,3688218.1855272618100,126.3176421666670,33.30415817
551.0000000000000,250251.9667581924000,3688218.3317122249900,126.3176407226635,33.30415945
552.0000000000000,250251.8325771055530,3688218.4623199119200,126.3176392464248,33.3041606
553.0000000000000,250251.7011241933500,3688218.6088096587900,126.3176377957103,33.30416189
554.0000000000000,250251.5516900355870,3688218.7367417258200,126.3176361567869,33.30416301
555.0000000000000,250251.4025192555560,3688218.8679335331600,126.3176345202021,33.30416415
556.0000000000000,250251.2548392223540,3688218.9936556876700,126.3176329003838,33.30416525
557.0000000000000,250251.1027421860190,3688219.1122314171000,126.3176312359339,33.30416629
558.0000000000000,250250.9417369318830,3688219.2283963603000,126.3176294761908,33.30416729
559.0000000000000,250250.7899337375120,3688219.3565067662900,126.3176278122338,33.30416841
560.0000000000000,250250.6428163403180,3688219.4884151113200,126.3176261971027,33.30416957
561.0000000000000,250250.5136826504310,3688219.6315649920200,126.3176247723685,33.30417083
562.0000000000000,250250.3583602347060,3688219.7487169774300,126.3176230739550,33.30417185
563.0000000000000,250250.2371894033270,3688219.8938480513200,126.3176217327210,33.30417313
564.0000000000000,250250.1022661333840,3688220.0349604054400,126.3176202460316,33.30417437
565.0000000000000,250249.9565649516880,3688220.1696705105700,126.3176186455670,33.30417555
566.0000000000000,250249.8262486368180,3688220.3177740536600,126.3176172063489,33.30417685
567.0000000000000,250249.6810434512730,3688220.4518477991200,126.3176156112728,33.30417803
568.0000000000000,250249.5526346431870,3688220.5971382567700,126.3176141934074,33.30417931
569.0000000000000,250249.4007144143980,3688220.7260272004700,126.3176125276394,33.30418043
570.0000000000000,250249.2559566643320,3688220.8578816643000,126.3176109380116,33.30418159
571.0000000000000,250249.1129386742250,3688220.9973748377500,126.3176093649191,33.30418281
572.0000000000000,250248.9576203495670,3688221.1207012818200,126.3176076642834,33.30418388
573.0000000000000,250248.8078209057560,3688221.2476600897500,126.3176060221751,33.30418499
574.0000000000000,250248.6741614753260,3688221.3757395306600,126.3176045526016,33.30418612
575.0000000000000,250248.5198733489660,3688221.4998073391600,126.3176028626963,33.3041872
576.0000000000000,250248.3606573228020,3688221.6161725446600,126.3176011221710,33.30418821
577.0000000000000,250248.2045451914600,3688221.7330531925000,126.3175994147577,33.30418923
578.0000000000000,250248.0626106343110,3688221.8685226528900,126.3175978544055,33.30419042
579.0000000000000,250247.9148611979320,3688221.9983335221200,126.3175962331963,33.30419155
580.0000000000000,250247.7525632157340,3688222.1103581832700,126.3175944608230,33.30419252
581.0000000000000,250247.5994927325810,3688222.2335100658300,126.3175927843894,33.3041936
582.0000000000000,250247.4362199530290,3688222.3459072192200,126.3175910015143,33.30419457
583.0000000000000,250247.2954732321080,3688222.4814035683000,126.3175894540004,33.30419576
584.0000000000000,250247.1376276618100,3688222.5926193473900,126.3175877295051,33.30419673
585.0000000000000,250247.0023474128680,3688222.7356845745800,126.3175862381394,33.30419798
586.0000000000000,250246.8515602572290,3688222.8583794580800,126.3175845865420,33.30419905
587.0000000000000,250246.7010080178730,3688222.9831911483800,126.3175829366701,33.30420014
588.0000000000000,250246.5464846519170,3688223.1052341256300,126.3175812450927,33.30420121
589.0000000000000,250246.4055566142480,3688223.2377221840400,126.3175796960573,33.30420237
590.0000000000000,250246.2482526895470,3688223.3542247698700,126.3175779761902,33.30420338
591.0000000000000,250246.0942375510050,3688223.4729855000100,126.3175762908192,33.30420442
592.0000000000000,250245.9393468976190,3688223.5947168339100,126.3175745952378,33.30420548
593.0000000000000,250245.7863029329740,3688223.7213631779900,126.3175729182191,33.30420658
594.0000000000000,250245.6318095760650,3688223.8335645529500,126.3175712293624,33.30420756
595.0000000000000,250245.4911213044250,3688223.9707093448400,126.3175696817949,33.30420876
596.0000000000000,250245.3375333652360,3688224.0937873576800,126.3175680000000,33.30420983
597.0000000000000,250245.1811607613340,3688224.2114237733200,126.3175662896405,33.30421086
598.0000000000000,250245.0227999825140,3688224.3257456584800,126.3175645588633,33.30421185
599.0000000000000,250244.8549684168530,3688224.4296355107800,126.3175627294568,33.30421275
600.0000000000000,250244.6926898019730,3688224.5400766036500,126.3175609576821,33.30421371
601.0000000000000,250244.5199612737340,3688224.6347650569000,126.3175590780544,33.30421452
602.0000000000000,250244.3491087231960,3688224.7207185798300,126.3175572211563,33.30421525
603.0000000000000,250244.1705913403420,3688224.7966444003400,126.3175552844257,33.3042159
604.0000000000000,250243.9927617521020,3688224.8718580608300,126.3175533555526,33.30421653
605.0000000000000,250243.8071743410250,3688224.9352267095800,126.3175513468017,33.30421706
606.0000000000000,250243.6212457425130,3688225.0037588221000,126.3175493333337,33.30421764
607.0000000000000,250243.4297557085520,3688225.0366884018300,126.3175472689415,33.30421788
608.0000000000000,250243.2453505337760,3688225.1013627373600,126.3175452726691,33.30421843
609.0000000000000,250243.0556796218730,3688225.1513611814000,126.3175432235600,33.30421883
610.0000000000000,250242.8636772283640,3688225.1896692006900,126.3175411531983,33.30421914
611.0000000000000,250242.6780984192730,3688225.2354129664600,126.3175391481919,33.3042195
612.0000000000000,250242.4842167414900,3688225.2603311482800,126.3175370618159,33.30421968
613.0000000000000,250242.2886978000750,3688225.3019190565700,126.3175349523810,33.30422001
614.0000000000000,250242.1068262170300,3688225.3052730653400,126.3175330000000,33.30422
615.0000000000000,250241.9244797946880,3688225.3652624180600,126.3175310267492,33.3042205
616.0000000000000,250241.7321932204060,3688225.4052579528700,126.3175289528431,33.30422082
617.0000000000000,250241.5403214432880,3688225.4371670354200,126.3175268852716,33.30422106
618.0000000000000,250241.3483468601480,3688225.4713609064900,126.3175248160497,33.30422132
619.0000000000000,250241.1606770872020,3688225.4890766553600,126.3175227977294,33.30422143
620.0000000000000,250240.9641794040210,3688225.4825816387300,126.3175206904762,33.30422133
621.0000000000000,250240.7646119211560,3688225.4877862786000,126.3175185476191,33.30422133
622.0000000000000,250240.5659902004990,3688225.4922721684000,126.3175164153505,33.30422133
623.0000000000000,250240.3715653398830,3688225.4983430560700,126.3175143265997,33.30422133
624.0000000000000,250240.1855339295870,3688225.4752885573600,126.3175123377364,33.30422109
625.0000000000000,250239.9906603306290,3688225.4954238031100,126.3175102410401,33.30422122
626.0000000000000,250239.7973090158770,3688225.4941733270000,126.3175081666670,33.30422117
627.0000000000000,250239.6048694030320,3688225.4988325350000,126.3175061006039,33.30422116
628.0000000000000,250239.4132302573120,3688225.5040217652000,126.3175040426547,33.30422117
629.0000000000000,250239.2343902776190,3688225.4354652743800,126.3175021428572,33.3042205
630.0000000000000,250239.0416138611610,3688225.4581899866500,126.3175000678996,33.30422067
631.0000000000000,250238.8452145823100,3688225.4631733708100,126.3174979592223,33.30422067
632.0000000000000,250238.6517306568270,3688225.4767117430500,126.3174958794083,33.30422074
633.0000000000000,250238.4540932991650,3688225.4917333996900,126.3174937545953,33.30422083
634.0000000000000,250238.2581903813400,3688225.4980574920800,126.3174916506314,33.30422084
635.0000000000000,250238.0654182250430,3688225.5045716837100,126.3174895808765,33.30422086
636.0000000000000,250237.8727982768610,3688225.5427578920500,126.3174875034010,33.30422116
637.0000000000000,250237.6753939668990,3688225.5330979260600,126.3174853888749,33.30422102
638.0000000000000,250237.5013587085700,3688225.5779252480700,126.3174835077718,33.30422139
639.0000000000000,250237.3133427755670,3688225.6255862908500,126.3174814773213,33.30422177
640.0000000000000,250237.1193494841280,3688225.6705315727800,126.3174793833978,33.30422213
641.0000000000000,250236.9262844720500,3688225.7133733909600,126.3174772999827,33.30422248
642.0000000000000,250236.7387793152300,3688225.7753089577900,126.3174752709411,33.30422299
643.0000000000000,250236.5502479281560,3688225.8393240100700,126.3174732303204,33.30422352
644.0000000000000,250236.3589326268700,3688225.8785970388000,126.3174711666670,33.30422383
645.0000000000000,250236.1758971737870,3688225.9475675378900,126.3174691836527,33.30422441
646.0000000000000,250236.0015608393870,3688225.9999292977200,126.3174672985476,33.30422484
647.0000000000000,250235.8201344956460,3688226.0729428608900,126.3174653324357,33.30422546
648.0000000000000,250235.6494196224950,3688226.1375361615800,126.3174634810518,33.304226
649.0000000000000,250235.4637846597180,3688226.1934792422700,126.3174614747849,33.30422646
650.0000000000000,250235.2855264187380,3688226.2814338621700,126.3174595377470,33.30422721
651.0000000000000,250235.1117771054850,3688226.3681109710600,126.3174576496805,33.30422796
652.0000000000000,250234.9349852260490,3688226.4494145195900,126.3174557301590,33.30422865
653.0000000000000,250234.7598235508770,3688226.5410132603700,126.3174538253971,33.30422943
654.0000000000000,250234.5813974506160,3688226.6206128462200,126.3174518888890,33.30423011
655.0000000000000,250234.4098803462690,3688226.7197472769800,126.3174500210718,33.30423096
656.0000000000000,250234.2378797427510,3688226.8130739051900,126.3174481498918,33.30423176
657.0000000000000,250234.0758588115270,3688226.9228771990200,126.3174463809524,33.30423271
658.0000000000000,250233.9122006078540,3688227.0302782547700,126.3174445952378,33.30423364
659.0000000000000,250233.7562191973840,3688227.1487376303400,126.3174428888890,33.30423467
660.0000000000000,250233.5888152896950,3688227.2539788554400,126.3174410634923,33.30423558
661.0000000000000,250233.4328444855050,3688227.3729306394200,126.3174393571427,33.30423662
662.0000000000000,250233.2732176451820,3688227.4933100016800,126.3174376111110,33.30423767
663.0000000000000,250233.1145371943710,3688227.6125684958000,126.3174358755504,33.3042387
664.0000000000000,250232.9609239501000,3688227.7362546809000,126.3174341931265,33.30423978
665.0000000000000,250232.8105390526180,3688227.8636224782100,126.3174325443320,33.3042409
666.0000000000000,250232.6595398152130,3688227.9911455689000,126.3174308889040,33.30424201
667.0000000000000,250232.5139741617020,3688228.1262473533900,126.3174292896405,33.30424319
668.0000000000000,250232.3555621401460,3688228.2387613798500,126.3174275588633,33.30424417
669.0000000000000,250232.2114237377820,3688228.3732927017900,126.3174259751107,33.30424535
670.0000000000000,250232.0670460982650,3688228.5073752203000,126.3174243889040,33.30424652
671.0000000000000,250231.9218235004810,3688228.6414988497300,126.3174227936505,33.3042477
672.0000000000000,250231.7735327665280,3688228.7712532444900,126.3174211666670,33.30424883
673.0000000000000,250231.6367523970250,3688228.9130798350100,126.3174196599323,33.30425008
674.0000000000000,250231.4875928171960,3688229.0417605284600,126.3174180238098,33.3042512
675.0000000000000,250231.3451817673920,3688229.1804202697300,126.3174164574850,33.30425242
676.0000000000000,250231.1980295855900,3688229.3153319656900,126.3174148412699,33.3042536
677.0000000000000,250231.0498806210520,3688229.4458183851100,126.3174132156106,33.30425474
678.0000000000000,250230.9059234289160,3688229.5764472442700,126.3174116349059,33.30425589
679.0000000000000,250230.7610171955020,3688229.7125081447900,126.3174100425150,33.30425708
680.0000000000000,250230.6185812863980,3688229.8500633672800,126.3174084761902,33.30425829
681.0000000000000,250230.4786926291410,3688229.9875537608800,126.3174069372102,33.30425949
682.0000000000000,250230.3326662810280,3688230.1216752179900,126.3174053333330,33.30426067
683.0000000000000,250230.1846950108010,3688230.2519995616800,126.3174037096216,33.30426181
684.0000000000000,250230.0442176310460,3688230.3903870601200,126.3174021642637,33.30426302
685.0000000000000,250229.8937654574400,3688230.5134972417700,126.3174005157363,33.3042641
686.0000000000000,250229.7414033834640,3688230.6407327558900,126.3173988457956,33.30426521
687.0000000000000,250229.5981323145380,3688230.7747892015600,126.3173972714459,33.30426638
688.0000000000000,250229.4451880669220,3688230.9020416475800,126.3173955952378,33.30426749
689.0000000000000,250229.2924948984000,3688231.0301131433800,126.3173939214837,33.30426861
690.0000000000000,250229.1441003732030,3688231.1588832940900,126.3173922936658,33.30426974
691.0000000000000,250228.9935292563160,3688231.2862626742600,126.3173906428575,33.30427085
692.0000000000000,250228.8412178419530,3688231.4132566466000,126.3173889735208,33.30427196
693.0000000000000,250228.7043752206370,3688231.5570772881600,126.3173874656327,33.30427322
694.0000000000000,250228.5494066817330,3688231.6816530115900,126.3173857681916,33.30427431
695.0000000000000,250228.4036424343640,3688231.8176191058000,126.3173841666670,33.3042755
696.0000000000000,250228.2680708548280,3688231.9575153966400,126.3173826734003,33.30427673
697.0000000000000,250228.1214082617660,3688232.0863984064200,126.3173810640830,33.30427786
698.0000000000000,250227.9728565091790,3688232.2149929073700,126.3173794346440,33.30427898
699.0000000000000,250227.8357458934470,3688232.3524451330300,126.3173779255570,33.30428019
700.0000000000000,250227.6847745374540,3688232.4759144675900,126.3173762715180,33.30428126
701.0000000000000,250227.5444973194390,3688232.6125031844700,126.3173747285541,33.30428246
702.0000000000000,250227.4014586513800,3688232.7476371135600,126.3173731564637,33.30428365
703.0000000000000,250227.2617152588200,3688232.8846448925300,126.3173716191737,33.30428485
704.0000000000000,250227.1141965954440,3688233.0161625780200,126.3173700000000,33.304286
705.0000000000000,250226.9621427454110,3688233.1433940543800,126.3173683333333,33.30428711
706.0000000000000,250226.8108423463120,3688233.2714692889700,126.3173666745159,33.30428823
707.0000000000000,250226.6610292129330,3688233.4013992073000,126.3173650311518,33.30428937
708.0000000000000,250226.5140264397190,3688233.5313033503500,126.3173634179400,33.3042905
709.0000000000000,250226.3629146410670,3688233.6567306462700,126.3173617619051,33.3042916
710.0000000000000,250226.2242440656410,3688233.7966345683700,126.3173602353240,33.30429283
711.0000000000000,250226.0707950788780,3688233.9170560278000,126.3173585555552,33.30429388
712.0000000000000,250225.9122110136660,3688234.0330338981000,126.3173568219377,33.30429488
713.0000000000000,250225.7709247631420,3688234.1709966780600,126.3173552679021,33.30429609
714.0000000000000,250225.6137060585890,3688234.2917936216100,126.3173535474929,33.30429715
715.0000000000000,250225.4666333400520,3688234.4204164589800,126.3173519339368,33.30429827
716.0000000000000,250225.3071362717010,3688234.5397514347000,126.3173501895629,33.30429931
717.0000000000000,250225.1582562027030,3688234.6713774032000,126.3173485557494,33.30430046
718.0000000000000,250225.0117714589280,3688234.8014488238900,126.3173469480614,33.3043016
719.0000000000000,250224.8536518088940,3688234.9205896533100,126.3173452185402,33.30430263
720.0000000000000,250224.6975218064320,3688235.0432495637800,126.3173435094193,33.3043037
721.0000000000000,250224.5493443325970,3688235.1679888400300,126.3173418850124,33.30430479
722.0000000000000,250224.4084684818800,3688235.3014023276100,126.3173403364730,33.30430596
723.0000000000000,250224.2515857964170,3688235.4245332814800,126.3173386192141,33.30430704
724.0000000000000,250224.1050167455680,3688235.5588082787600,126.3173370094193,33.30430821
725.0000000000000,250223.9521114234520,3688235.6872254149100,126.3173353333330,33.30430933
726.0000000000000,250223.8010873253220,3688235.8132120389500,126.3173336780623,33.30431043
727.0000000000000,250223.6542255731760,3688235.9441720363700,126.3173320660632,33.30431158
728.0000000000000,250223.5168777584620,3688236.0811768109000,126.3173305544898,33.30431278
729.0000000000000,250223.3664378066890,3688236.2097472362200,126.3173289047619,33.30431391
730.0000000000000,250223.2291747005650,3688236.3537866338200,126.3173273921823,33.30431517
731.0000000000000,250223.0973159807900,3688236.4957028124500,126.3173259381841,33.30431642
732.0000000000000,250222.9522942399780,3688236.6250528488300,126.3173243463445,33.30431755
733.0000000000000,250222.8262556795670,3688236.7744272388500,126.3173229526491,33.30431887
734.0000000000000,250222.6798280333460,3688236.8983090845900,126.3173213470921,33.30431995
735.0000000000000,250222.5604691290640,3688237.0534946299200,126.3173200238092,33.30432132
736.0000000000000,250222.4260776962320,3688237.1963501880000,126.3173185423179,33.30432258
737.0000000000000,250222.2901526721830,3688237.3351588947700,126.3173170455178,33.3043238
738.0000000000000,250222.1572810690260,3688237.4768926734100,126.3173155806793,33.30432504
739.0000000000000,250222.0283494701720,3688237.6243898179400,126.3173141565050,33.30432634
740.0000000000000,250221.9012585629240,3688237.7765221833300,126.3173127508176,33.30432768
741.0000000000000,250221.7741188917130,3688237.9243372590300,126.3173113457955,33.30432898
742.0000000000000,250221.6505014311400,3688238.0808985377700,126.3173099761902,33.30433037
743.0000000000000,250221.5198388537680,3688238.2237307466600,126.3173085346970,33.30433162
744.0000000000000,250221.3910214199850,3688238.3694779728600,126.3173071121772,33.30433291
745.0000000000000,250221.2487551388040,3688238.5082002277500,126.3173055474529,33.30433412
746.0000000000000,250221.1239435861060,3688238.6586214019900,126.3173041666667,33.30433545
747.0000000000000,250220.9956135410460,3688238.8070834353600,126.3173027487271,33.30433676
748.0000000000000,250220.8627115780830,3688238.9536605877800,126.3173012821952,33.30433805
749.0000000000000,250220.7411723316760,3688239.1076066428800,126.3172999356079,33.30433941
750.0000000000000,250220.6067430652030,3688239.2552915224800,126.3172984523810,33.30434071
751.0000000000000,250220.4781595654200,3688239.3994285976500,126.3172970329463,33.30434198
752.0000000000000,250220.3390577254170,3688239.5398100158200,126.3172955015695,33.30434321
753.0000000000000,250220.2026411241960,3688239.6823541382300,126.3172939984305,33.30434446
754.0000000000000,250220.0608855896860,3688239.8160685808400,126.3172924404895,33.30434563
755.0000000000000,250219.9222059407330,3688239.9512612759200,126.3172909151341,33.30434682
756.0000000000000,250219.7751253692840,3688240.0853314097100,126.3172892999219,33.30434799
757.0000000000000,250219.6387643403720,3688240.2297721975500,126.3172877969276,33.30434926
758.0000000000000,250219.4945172799920,3688240.3622674723200,126.3172862125493,33.30435042
759.0000000000000,250219.3527971566650,3688240.4946862529000,126.3172846553287,33.30435158
760.0000000000000,250219.2058147234780,3688240.6249634572300,126.3172830422603,33.30435272
761.0000000000000,250219.0665249328880,3688240.7631672089900,126.3172815094195,33.30435394
762.0000000000000,250218.9133284867270,3688240.8803984858100,126.3172798333331,33.30435496
763.0000000000000,250218.7762957546800,3688241.0218324707800,126.3172783239145,33.3043562
764.0000000000000,250218.6369571536480,3688241.1581634501900,126.3172767910734,33.30435739
765.0000000000000,250218.4835063862840,3688241.2796799591800,126.3172751111108,33.30435845
766.0000000000000,250218.3469729655190,3688241.4225798747500,126.3172736066029,33.30435971
767.0000000000000,250218.1947735334390,3688241.5494559155800,126.3172719384358,33.30436082
768.0000000000000,250218.0530491306850,3688241.6852219710100,126.3172703803227,33.30436201
769.0000000000000,250217.9160199926700,3688241.8238872336200,126.3172688716938,33.30436323
770.0000000000000,250217.7743161031390,3688241.9621159983800,126.3172673130297,33.30436444
771.0000000000000,250217.6420749776580,3688242.1042776745800,126.3172658548839,33.30436569
772.0000000000000,250217.4955306412880,3688242.2354526398700,126.3172642461691,33.30436684
773.0000000000000,250217.3615920740700,3688242.3795871213100,126.3172627692502,33.3043681
774.0000000000000,250217.2248051814670,3688242.5230843448100,126.3172612619048,33.30436937
775.0000000000000,250217.0908312530080,3688242.6630636341900,126.3172597857143,33.3043706
776.0000000000000,250216.9571341290720,3688242.8055964428900,126.3172583117831,33.30437185
777.0000000000000,250216.8268459138050,3688242.9492040858600,126.3172568741430,33.30437311
778.0000000000000,250216.6944271784450,3688243.0969545072900,126.3172554124806,33.30437441
779.0000000000000,250216.5569183572070,3688243.2326210057400,126.3172538995482,33.3043756
780.0000000000000,250216.4091577070940,3688243.3641446665900,126.3172522777781,33.30437675
781.0000000000000,250216.2657981098450,3688243.4961566468700,126.3172507030724,33.30437791
782.0000000000000,250216.1200008986630,3688243.6317435326100,126.3172491012351,33.3043791
783.0000000000000,250215.9741100663080,3688243.7615410555200,126.3172474999998,33.30438023
784.0000000000000,250215.8315094134300,3688243.9010407612700,126.3172459313431,33.30438146
785.0000000000000,250215.6973443099120,3688244.0430989880100,126.3172444525471,33.30438271
786.0000000000000,250215.5551247409890,3688244.1832903022900,126.3172428878228,33.30438394
787.0000000000000,250215.4138586766200,3688244.3234574198700,126.3172413333330,33.30438517
788.0000000000000,250215.2811121857370,3688244.4655117630000,126.3172398697395,33.30438642
789.0000000000000,250215.1438293299580,3688244.6087547359100,126.3172383571432,33.30438767
790.0000000000000,250215.0055160612680,3688244.7526256712200,126.3172368333337,33.30438894
791.0000000000000,250214.8750993555000,3688244.9037867779900,126.3172353921974,33.30439027
792.0000000000000,250214.7505196387350,3688245.0557802994800,126.3172340134676,33.30439161
793.0000000000000,250214.6116958961350,3688245.1994034331300,126.3172324842637,33.30439287
794.0000000000000,250214.4784072731560,3688245.3439492080400,126.3172310141461,33.30439414
795.0000000000000,250214.3557565321380,3688245.5000671688500,126.3172296550473,33.30439552
796.0000000000000,250214.2245603331240,3688245.6434814254800,126.3172282076594,33.30439678
797.0000000000000,250214.1011134975700,3688245.7993239057300,126.3172268400674,33.30439816
798.0000000000000,250213.9801310779870,3688245.9511674749700,126.3172255000000,33.3043995
799.0000000000000,250213.8631179005310,3688246.1078576757600,126.3172242010778,33.30440088
800.0000000000000,250213.7259885241510,3688246.2501498544600,126.3172226904759,33.30440213
801.0000000000000,250213.6011149112600,3688246.3988236994500,126.3172213095235,33.30440345
802.0000000000000,250213.4627727076000,3688246.5423186039600,126.3172197855176,33.30440471
803.0000000000000,250213.3301492925090,3688246.6898459284600,126.3172183217139,33.304406
804.0000000000000,250213.2069783471520,3688246.8457702468200,126.3172169570454,33.30440738
805.0000000000000,250213.0931503906900,3688247.0095489653800,126.3172156904761,33.30440883
806.0000000000000,250212.9605328810860,3688247.1529605784500,126.3172142278340,33.30441009
807.0000000000000,250212.8415072437200,3688247.3053423394500,126.3172129086888,33.30441144
808.0000000000000,250212.7069853868160,3688247.4522323370900,126.3172114246453,33.30441273
809.0000000000000,250212.5854754622850,3688247.6074282806400,126.3172100780544,33.3044141
810.0000000000000,250212.4503554460820,3688247.7508071004400,126.3172085886118,33.30441536
811.0000000000000,250212.3230110068390,3688247.8970559835400,126.3172071817985,33.30441665
812.0000000000000,250212.1953229973440,3688248.0486952457600,126.3172057698413,33.30441799
813.0000000000000,250212.0684758247220,3688248.1961758150700,126.3172043680299,33.30441928
814.0000000000000,250211.9341553668780,3688248.3373099705200,126.3172028878228,33.30442052
815.0000000000000,250211.7970528198340,3688248.4816716467000,126.3172013768594,33.30442179
816.0000000000000,250211.6758723546220,3688248.6345147383400,126.3172000344114,33.30442314
817.0000000000000,250211.5432735297650,3688248.7799248471900,126.3171985714289,33.30442442
818.0000000000000,250211.4174132001350,3688248.9294245834500,126.3171971796786,33.30442574
819.0000000000000,250211.2884232487120,3688249.0802030316600,126.3171957539679,33.30442707
820.0000000000000,250211.1561554255020,3688249.2290714592700,126.3171942936658,33.30442838
821.0000000000000,250211.0193431700170,3688249.3737093941300,126.3171927857146,33.30442965
822.0000000000000,250210.8845084269990,3688249.5147894360100,126.3171912999827,33.30443089
823.0000000000000,250210.7581895503970,3688249.6650587730100,126.3171899031551,33.30443222
824.0000000000000,250210.6286904649460,3688249.8100933129900,126.3171884735208,33.30443349
825.0000000000000,250210.4978780367520,3688249.9602181781100,126.3171870284737,33.30443481
826.0000000000000,250210.3660094831430,3688250.1054332777900,126.3171855733904,33.30443609
827.0000000000000,250210.2346355349290,3688250.2504444080400,126.3171841237123,33.30443737
828.0000000000000,250210.0943460596310,3688250.3919329480300,126.3171825793650,33.30443861
829.0000000000000,250209.9538924873630,3688250.5277111986700,126.3171810347855,33.3044398
830.0000000000000,250209.8114644330630,3688250.6670507518600,126.3171794680483,33.30444102
831.0000000000000,250209.6702048402800,3688250.8015079381900,126.3171779152875,33.3044422
832.0000000000000,250209.5266977116990,3688250.9307129634600,126.3171763396498,33.30444333
833.0000000000000,250209.4960115917200,3688250.9684915561200,126.3171760000000,33.30444367
